6|Maja|Mijovic|Female|1999-11-18|065894133|maja@gmail.com|maja1234|0|English,Japanese,German,Russian|B1,A1,C2,C1|2024-01-01|0|3,13,24,25|25
7|Janko|Jankovic|Male|1975-10-04|0659841468|janko@gmail.com|janko123|0|English,German,French,Russian|B1,A1,A1,C1|2000-04-01|0|4,9,10,11,7,14,15,16,27|4,6,11,12,13,14,15,22
11|Andrija|Andrijasevic|Male|1986-01-01|06658446546|andrija@gmail.com|andrija123|0|German,German,English|A1,B1,B1|2020-01-01|0|1,25|9
13|Milica|Milic|Female|1978-05-28|065784888|milica@gmail.com|milica123|0|English,English|C2,B1|1998-11-08|0|2,6|
14|Katarina|Bacic|Female|1978-05-28|065784689|katarina@gmail.com|katarina123|0|Spanish,English|B2,B1|1998-11-08|0|8,12|
15|Ognjen|Ognjenovic|Male|1997-11-14|06598419414|ognjen@gmail.com|ognjen123|0|Spanish,Spanish|B2,C2|2024-04-11|0||23
16|Boro|Boric|Male|1978-08-22|06468485444|boro@gmail.com|boro123|0|German,English,Russian,Japanese|C1,B1,B2,A1|1999-11-21|0|18|18,21,19
18|Stefan|Stefanovic|Male|1973-09-21|05646514668|stefan@gmail.com|stefan123|5|German,Russian,English,Japanese|B1,B2,C1,A1|2010-08-20|0|19,20,24,29,23|28
19|Jovana|Jovanovic|Male|1975-01-01|065456146841|jovana@gmail.com|jovana123|0|Russian,Spanish|C1,C2|2024-01-01|0||
